ID,Firstname,LastName,City,StartDate
1,Matthew,White,New York,2022-06-19
2,Matthew,Wilson,San Antonio,2020-12-21
3,Robert,Lee,Chicago,2018-01-05
4,Michael,Clark,New York,2018-12-07
5,Daniel,Rodriguez,Columbus,2021-06-29
6,Ava,White,Fort Worth,2018-06-17
7,Olivia,Lewis,Philadelphia,2019-04-05
8,Thomas,Martinez,Charlotte,2020-06-06
9,Emma,Johnson,Indianapolis,2022-07-18
10,Emma,Wilson,Fort Worth,2021-04-01
11,Thomas,Rodriguez,Austin,2022-07-14
12,Joseph,Doe,Los Angeles,2022-10-16
13,Michael,Smith,San Francisco,2020-11-17
14,Robert,Clark,Houston,2019-01-08
15,Matthew,Thompson,Seattle,2020-02-27
16,William,Clark,Los Angeles,2023-05-11
17,Mia,Lewis,Indianapolis,2023-04-19
18,Thomas,Brown,Charlotte,2020-06-19
19,Ava,Rodriguez,Houston,2020-10-03
20,Isabella,Doe,Austin,2018-08-30
